Handle,Title,Body (HTML),Vendor,Product Category,Type,Tags,Published,Option1 Name,Option1 Value,Option1 Linked To,Option2 Name,Option2 Value,Option2 Linked To,Option3 Name,Option3 Value,Option3 Linked To,Variant SKU,Variant Grams,Variant Inventory Tracker,Variant Inventory Qty,Variant Inventory Policy,Variant Fulfillment Service,Variant Price,Variant Compare At Price,Variant Requires Shipping,Variant Taxable,Variant Barcode,Image Src,Image Position,Image Alt Text,Gift Card,SEO Title,SEO Description,Google Shopping / Google Product Category,Google Shopping / Gender,Google Shopping / Age Group,Google Shopping / MPN,Google Shopping / Condition,Google Shopping / Custom Product,Google Shopping / Custom Label 0,Google Shopping / Custom Label 1,Google Shopping / Custom Label 2,Google Shopping / Custom Label 3,Google Shopping / Custom Label 4,Google: Custom Product (product.metafields.mm-google-shopping.custom_product),Age group (product.metafields.shopify.age-group),Boot style (product.metafields.shopify.boot-style),Closure type (product.metafields.shopify.closure-type),Color (product.metafields.shopify.color-pattern),Footwear material (product.metafields.shopify.footwear-material),Heel height type (product.metafields.shopify.heel-height-type),Shoe features (product.metafields.shopify.shoe-features),Shoe size (product.metafields.shopify.shoe-size),Size (product.metafields.shopify.size),Target gender (product.metafields.shopify.target-gender),Toe style (product.metafields.shopify.toe-style),Variant Image,Variant Weight Unit,Variant Tax Code,Cost per item,Included / United States,Price / United States,Compare At Price / United States,Included / International,Price / International,Compare At Price / International,Status
rocky-mountain-hiking-guide,AURA Sun Ray Sock,"<p>The Last Time you'll Be able to get these Socks!!</p>
<p><meta charset=""utf-8""><span data-mce-fragment=""1"" data-dobid=""hdw"">AU RA  </span><span data-mce-fragment=""1"">/</span><span data-mce-fragment=""1"">ˈôrə</span><span data-mce-fragment=""1"">/. </span><i data-mce-fragment=""1""><span data-mce-fragment=""1"" class=""YrbPuc"">noun <meta charset=""utf-8""></span></i></p>
<div data-mce-fragment=""1"" class=""vmod"">
<div data-mce-fragment=""1"" class=""vmod"" data-topic=""occult,medical"" jsname=""r5Nvmf"">
<div data-mce-fragment=""1"">
<ol data-mce-fragment=""1"" class=""eQJLDd"">
<li data-mce-fragment=""1"" jsname=""gskXhf"">
<div data-mce-fragment=""1"" class=""vmod"">
<div data-mce-fragment=""1"" class=""thODed"">
<div data-mce-fragment=""1"" class=""wHYlTd sY7ric"" data-topic="""" jsname=""cJAsRb"">
<div data-mce-fragment=""1"">When your vibes are right, chakras are aligned and energy is on unbothered </div>
<div data-mce-fragment=""1""><br></div>
<div data-mce-fragment=""1"">- 100% Classic 1 x1 Ribbed THICK Sock with AURA Logo on Leg </div>
<div data-mce-fragment=""1"">- Auracle Sun Rays on the Heel</div>
<div data-mce-fragment=""1"">- Super Limited Edition Colorway </div>
<div data-mce-fragment=""1""><br></div>
</div>
</div>
</div>
</li>
</ol>
</div>
</div>
</div>",AURACLES,Apparel & Accessories,Socks,"BF24, Sample Product",true,Title,Default Title,,,,,,,,AURASOCK1WHT,22.6796185,shopify,160,deny,manual,25.00,,true,true,"",https://cdn.shopify.com/s/files/1/0795/0080/4401/files/SockWhiteAURA.jpg?v=1745279587,1,"",false,,,Apparel & Accessories > Clothing > Socks & Hosiery,,,,,,,,,,,,,,,,,,,,,,,,oz,,,true,,,true,,,active
deep-sea-black-nami-slide,DEEP SEA BLACK NAMI,"<p>THE WAVIEST SLIDE IN HUMAN HISTORY IS HERE!!</p>
<p>Introducing the Nami 2.0!! The Nami 2.0 features our newest creation,<em><strong> NamiWAVE Foam</strong></em>. </p>
<p><strong>NamiWAVE Foam (EVA) </strong> is a premium combination of unique materials that provides Pillow like comfort and support for you foot. Think of it like memory foam for the foot.</p>
<p>Nami Slide is also biodegradable ( More info Coming soon) </p>
<p><strong>By Chris Brown &amp; John Dean</strong></p>
<p><span><strong>PLEASE READ BELOW ( VERY IMPORTANT</strong></span>)</p>
<p>- Please Read: <a href=""https://theauracles.xyz/pages/faq"">FAQ</a> </p>
<p><span>-  </span></p>
<ul>
<li>THESE SHIP ASAP! They are instock. Tracking will be sent within 4 business days</li>
</ul>
<p><span>-PLEASE TAKE YOUR TIME AND PUT IN THE RIGHT ADDRESS AND SIZE! </span></p>
<p>- LIMITED EDITION &amp; Expected to Sell Out </p>
<p>- SIZES SHOWN ARE MENS SIZES, Please Use Size Chart to convert to Womens</p>
<p>- Limit of 5 Pairs per Transaction ( We raised the Limit from 3) </p>
<p>- We will do our best to stop bots from purchasing </p>
<p>-ALL SALES ARE FINAL</p>",AURACLES,Apparel & Accessories,Footwear,BF24,true,Size,Men Size 4 - Womens 5.5/6,,,,,,,,NamiBLK4,1360.77711,shopify,3,deny,manual,95.00,,true,true,"",https://cdn.shopify.com/s/files/1/0795/0080/4401/files/ScreenShot2024-02-08at6.40.35PM-Recovered.jpg?v=1745279585,1,"",false,,,Apparel & Accessories > Clothing,,,,,,,,,,,,,,,,,,,,,,,,lb,,,true,,,true,,,active
deep-sea-black-nami-slide,,,,,,,,,Men Size 5 - Womens Size 6.5/7,,,,,,,,NamiBLK5,1360.77711,shopify,108,deny,manual,95.00,,true,true,"",https://cdn.shopify.com/s/files/1/0795/0080/4401/files/RENOWED-SLIDE-BLK-1.png?v=1745279585,2,"",,,,,,,,,,,,,,,,,,,,,,,,,,,,lb,,,,,,,,,
deep-sea-black-nami-slide,,,,,,,,,Men Size 6 - Womens Size 7.5/8,,,,,,,,NamiBLK6,1360.77711,shopify,0,deny,manual,95.00,,true,true,"",https://cdn.shopify.com/s/files/1/0795/0080/4401/files/NAMISLIDESUNBOXED.jpg?v=1745279585,3,"",,,,,,,,,,,,,,,,,,,,,,,,,,,,lb,,,,,,,,,
deep-sea-black-nami-slide,,,,,,,,,Men Size 7 - Womens Size 8.5/9,,,,,,,,NamiBLK7,1360.77711,shopify,-5,deny,manual,95.00,,true,true,"",https://cdn.shopify.com/s/files/1/0795/0080/4401/files/AURACLES2slides.png?v=1745279585,4,"",,,,,,,,,,,,,,,,,,,,,,,,,,,,lb,,,,,,,,,
deep-sea-black-nami-slide,,,,,,,,,Men Size 8 - Womens Size 9.5/10,,,,,,,,NamiBLK8,1360.77711,shopify,0,deny,manual,95.00,,true,true,"",https://cdn.shopify.com/s/files/1/0795/0080/4401/files/AURACLESBOXSLIDES01.png?v=1745279585,5,"",,,,,,,,,,,,,,,,,,,,,,,,,,,,lb,,,,,,,,,
deep-sea-black-nami-slide,,,,,,,,,Men Size 9 - Womens Size 10.5/11,,,,,,,,NamiBLK9,1360.77711,shopify,-1,deny,manual,95.00,,true,true,"",https://cdn.shopify.com/s/files/1/0795/0080/4401/files/AURACLESSLIDES06-min.png?v=1745279585,6,"",,,,,,,,,,,,,,,,,,,,,,,,,,,,lb,,,,,,,,,
deep-sea-black-nami-slide,,,,,,,,,Men Size 10 - Womens Size 11.5/12,,,,,,,,NamiBLK10,1360.77711,shopify,0,deny,manual,95.00,,true,true,"",https://cdn.shopify.com/s/files/1/0795/0080/4401/files/jhn--2.jpg?v=1745279585,7,"",,,,,,,,,,,,,,,,,,,,,,,,,,,,lb,,,,,,,,,
deep-sea-black-nami-slide,,,,,,,,,Men Size 11 - Womens Size 12.5/13,,,,,,,,NamiBLK11,1360.77711,shopify,0,deny,manual,95.00,,true,true,"",https://cdn.shopify.com/s/files/1/0795/0080/4401/files/RENOWED-SLIDEBOX-SIDEFONT2.png?v=1745279586,8,"",,,,,,,,,,,,,,,,,,,,,,,,,,,,lb,,,,,,,,,
deep-sea-black-nami-slide,,,,,,,,,Men Size 12 - Womens Size 13.5/14,,,,,,,,NamiBLK12,1360.77711,shopify,0,deny,manual,95.00,,true,true,"",https://cdn.shopify.com/s/files/1/0795/0080/4401/files/0c94162f-ccac-4d9d-8a25-72ab0bacdeae.jpg?v=1745279586,9,"",,,,,,,,,,,,,,,,,,,,,,,,,,,,lb,,,,,,,,,
deep-sea-black-nami-slide,,,,,,,,,Men Size 13 - Womens Size 14.5/15,,,,,,,,NamiBLK13,1360.77711,shopify,-1,deny,manual,95.00,,true,true,"",https://cdn.shopify.com/s/files/1/0795/0080/4401/files/ScreenShot2023-11-24at7.11.54AM_99a8402a-0bdc-4044-af1f-15908225455c.png?v=1745279586,10,"",,,,,,,,,,,,,,,,,,,,,,,,,,,,lb,,,,,,,,,
aura-gang-white,AURA GANG WHITE,"<p data-mce-fragment=""1"">You all have been waiting for this ONE!! </p>
<p data-mce-fragment=""1"">The AURA CLES Tee Is OUR FIRST Tee we dropped with the Auracles!  AURA on the front and CLES on the Back in a Large PRINT! </p>
<p data-mce-fragment=""1"">This Shirt is a Vintage Fit and fits a little baggy </p>
<p data-mce-fragment=""1"">Shirts will be Shipped out a Few Times a Week!</p>
<p data-mce-fragment=""1"">LIMITED EDITION! This Shirt Will Not Be Available Long </p>
<p data-mce-fragment=""1"">*Note*:  If you order with a Pair of Nami Slides, They will ship when your Nami Slides are ready!  </p>",AURACLES,Uncategorized,Socks,BF24,true,Color,WHITE,,Size,SMALL,,,,,AuraWS,396.89332375,shopify,0,deny,manual,50.00,,true,true,"",https://cdn.shopify.com/s/files/1/0795/0080/4401/files/aura_for_Shopify.jpg?v=1745279579,1,"",false,,,Apparel & Accessories > Clothing,,,,,,,,,,,,,,,,,,,,,,,,oz,,,true,,,true,,,active
aura-gang-white,,,,,,,,,WHITE,,,MEDIUM,,,,,AuraWM,0.0,shopify,0,deny,manual,50.00,,true,true,"",https://cdn.shopify.com/s/files/1/0795/0080/4401/files/AuraWhiteBack.jpg?v=1745279580,2,"",,,,,,,,,,,,,,,,,,,,,,,,,,,,lb,,,,,,,,,
aura-gang-white,,,,,,,,,WHITE,,,LARGE,,,,,AuraWL,0.0,shopify,0,deny,manual,50.00,,true,true,"",https://cdn.shopify.com/s/files/1/0795/0080/4401/files/0c94162f-ccac-4d9d-8a25-72ab0bacdeae.jpg?v=1745279586,3,"",,,,,,,,,,,,,,,,,,,,,,,,,,,,lb,,,,,,,,,
aura-gang-white,,,,,,,,,WHITE,,,XL,,,,,AuraWXL,0.0,shopify,0,deny,manual,50.00,,true,true,"",,,,,,,,,,,,,,,,,,,,,,,,,,,,,,,lb,,,,,,,,,
aura-gang-white,,,,,,,,,WHITE,,,XXL,,,,,AuraWXXL,0.0,shopify,0,deny,manual,50.00,,true,true,"",,,,,,,,,,,,,,,,,,,,,,,,,,,,,,,lb,,,,,,,,,
king-of-hearts-nami-slides,King Of Hearts Nami Slides ( RED ),"<p>THE MOST REQUESTED NAMI SLIDE.... EVER </p>
<p><strong>NamiWAVE Foam: </strong>is a premium combination of unique materials that provides Pillow like comfort and support for you foot. Think of it like memory foam for the foot.</p>
<p>Nami Slide is also biodegradable ( More info Coming soon)</p>
<p><span style=""text-decoration: underline;""><strong>PLEASE READ BELOW ( VERY IMPORTANT</strong></span>)</p>
<p data-mce-fragment=""1""><strong data-mce-fragment=""1"">NamiWAVE Foam: </strong>is a premium combination of unique materials that provides Pillow like comfort and support for you foot. Think of it like memory foam for the foot.</p>
<p data-mce-fragment=""1""><em><strong data-mce-fragment=""1"">By Chris Brown &amp; John Dean</strong></em></p>
<p><span style=""text-decoration: underline;"" data-mce-style=""text-decoration: underline;""><strong>PLEASE READ BELOW ( VERY IMPORTANT</strong></span>)</p>
<p>- Please Read: <a href=""https://theauracles.xyz/pages/faq"" data-mce-href=""https://theauracles.xyz/pages/faq"">FAQ</a> </p>
<ul>
<li>
<meta charset=""utf-8""> <span data-mce-fragment=""1"">THESE ARE A PREORDER! These will be shipped in 1-2   weeks from purchase date! We PLAN to ship before this date though ;-)</span>
</li>
<li><span>Comes with The NEW Compact RED Collectible NAMI Box</span></li>
<li><span><meta charset=""utf-8"">PLEASE TAKE YOUR TIME AND PUT IN THE RIGHT ADDRESS AND SIZE! </span></li>
<li><span>LIMITED EDITION &amp; Expected to Sell Out </span></li>
<li>
<span>SIZES SHOWN ARE MENS SIZES, Please Use Size Chart to convert to Womens</span><br>
</li>
<li>
<p>We will do our best to stop bots from purchasing </p>
</li>
</ul>
<p>ALL SALES ARE FINAL</p>",AURACLES,Apparel & Accessories,Footwear,BF24,true,Size,Men Size 4  - Womens 5.5/6,,,,,,,,KHNAMI4,1360.77711,shopify,2,deny,manual,95.00,,true,true,"",https://cdn.shopify.com/s/files/1/0795/0080/4401/files/RedFront.jpg?v=1745279574,1,"",false,,,Apparel & Accessories > Shoes > Sandals,,,,,,,,,,,,,,,,,,,,,,,,lb,,,true,,,true,,,active
king-of-hearts-nami-slides,,,,,,,,,Men Size 5 - Womens Size 6.5/7,,,,,,,,KHNAMI5,1360.77711,shopify,65,deny,manual,95.00,,true,true,"",https://cdn.shopify.com/s/files/1/0795/0080/4401/files/AURA-RED-A-BG.png?v=1745279574,2,"",,,,,,,,,,,,,,,,,,,,,,,,,,,,lb,,,,,,,,,
king-of-hearts-nami-slides,,,,,,,,,Men Size 6 - Womens Size 7.5/8,,,,,,,,KHNAMI6,1360.77711,shopify,0,deny,manual,95.00,,true,true,,https://cdn.shopify.com/s/files/1/0795/0080/4401/files/AURA-RED-O-BG.jpg?v=1745279574,3,"",,,,,,,,,,,,,,,,,,,,,,,,,,,,lb,,,,,,,,,
king-of-hearts-nami-slides,,,,,,,,,Men Size 7 - Womens Size 8.5/9,,,,,,,,KHNAMI7,1360.77711,shopify,17,deny,manual,95.00,,true,true,"",https://cdn.shopify.com/s/files/1/0795/0080/4401/files/AURA-RED-B-BG.jpg?v=1745279574,4,"",,,,,,,,,,,,,,,,,,,,,,,,,,,,lb,,,,,,,,,
king-of-hearts-nami-slides,,,,,,,,,Men Size 8 - Womens Size 9.5/10,,,,,,,,KHNAMI8,1360.77711,shopify,48,deny,manual,95.00,,true,true,,https://cdn.shopify.com/s/files/1/0795/0080/4401/files/ScreenShot2024-02-08at6.40.35PM.jpg?v=1745279574,5,"",,,,,,,,,,,,,,,,,,,,,,,,,,,,lb,,,,,,,,,
king-of-hearts-nami-slides,,,,,,,,,Men Size 9 - Womens Size 10.5/11,,,,,,,,KHNAMI9,1360.77711,shopify,13,deny,manual,95.00,,true,true,,https://cdn.shopify.com/s/files/1/0795/0080/4401/files/trav-2697-min.jpg?v=1745279574,6,"",,,,,,,,,,,,,,,,,,,,,,,,,,,,lb,,,,,,,,,
king-of-hearts-nami-slides,,,,,,,,,Men Size 10 - Womens Size 11.5/12,,,,,,,,KHNAMI10,1360.77711,shopify,0,deny,manual,95.00,,true,true,,,,,,,,,,,,,,,,,,,,,,,,,,,,,,,,lb,,,,,,,,,
king-of-hearts-nami-slides,,,,,,,,,Men Size 11 - Womens Size 12.5/13,,,,,,,,KHNAMI11,1360.77711,shopify,-5,deny,manual,95.00,,true,true,,,,,,,,,,,,,,,,,,,,,,,,,,,,,,,,lb,,,,,,,,,
king-of-hearts-nami-slides,,,,,,,,,Men Size 12 - Womens Size 13.5/14,,,,,,,,KHNAMI12,1360.77711,shopify,0,deny,manual,95.00,,true,true,,,,,,,,,,,,,,,,,,,,,,,,,,,,,,,,lb,,,,,,,,,
king-of-hearts-nami-slides,,,,,,,,,Men Size 13 - Womens Size 14.5/15,,,,,,,,KHNAMI13,1360.77711,shopify,-1,deny,manual,95.00,,true,true,,,,,,,,,,,,,,,,,,,,,,,,,,,,,,,,lb,,,,,,,,,
the-valentines-pink,THE VALENTINES ( PINK ) NAMI,"<p data-mce-fragment=""1""><span style=""font-family: -apple-system, BlinkMacSystemFont, 'San Francisco', 'Segoe UI', Roboto, 'Helvetica Neue', sans-serif; font-size: 0.875rem;"">LAST CHANCE TO GET PINK NAMI SLIDES</span></p>
<p data-mce-fragment=""1""><span style=""font-family: -apple-system, BlinkMacSystemFont, 'San Francisco', 'Segoe UI', Roboto, 'Helvetica Neue', sans-serif; font-size: 0.875rem;"">One of the most REQUESTED &amp; Limited Nami EVER MADE </span></p>
<p data-mce-fragment=""1""><strong data-mce-fragment=""1"">NamiWAVE Foam: </strong>is a premium combination of unique materials that provides Pillow like comfort and support for you foot. Think of it like memory foam for the foot.</p>
<p data-mce-fragment=""1"">Nami Slide is also biodegradable ( More info Coming soon)</p>
<p data-mce-fragment=""1""><em><strong data-mce-fragment=""1"">By Chris Brown &amp; John Dean</strong></em></p>
<p><span style=""text-decoration: underline;""><strong>PLEASE READ BELOW ( VERY IMPORTANT</strong></span>) </p>
<p>- Please Read: <a href=""https://theauracles.xyz/pages/faq"">FAQ</a> </p>
<meta charset=""utf-8"">
<ul>
<ul>
<li>THESE SHIP ASAP! They are instock. Tracking will be sent within 4 business days</li>
<li><span>Comes with The NEW Compact RED Collectible NAMI Box</span></li>
<li><span></span></li>
</ul>
</ul>
<meta charset=""utf-8"">
<ul>
<li><span>PLEASE TAKE YOUR TIME AND PUT IN THE RIGHT ADDRESS AND SIZE! </span></li>
<li><span>LIMITED EDITION &amp; Expected to Sell Out </span></li>
<li><span>SIZES SHOWN ARE MENS SIZES, Please Use Size Chart to convert to Womens</span></li>
<li>
<p>We will do our best to stop bots from purchasing </p>
</li>
</ul>
<p>ALL SALES ARE FINAL</p>",AURACLES,Apparel & Accessories,Footwear,BF24,true,Size,Mens Size 4 - Womens Size 5.5/6,,,,,,,,TVNAMI4,1360.77711,shopify,0,deny,manual,95.00,,true,true,"",https://cdn.shopify.com/s/files/1/0795/0080/4401/files/PinkFrontNami.jpg?v=1745279572,1,"",false,,,Apparel & Accessories > Clothing,,,,,,,,,,,,,,,,,,,,,,,,lb,,,true,,,true,,,active
the-valentines-pink,,,,,,,,,Men Size 5 - Womens Size 6.5/7,,,,,,,,TVNAMI5,1360.77711,shopify,0,deny,manual,95.00,,true,true,"",https://cdn.shopify.com/s/files/1/0795/0080/4401/files/pinktopnami.png?v=1745279572,2,"",,,,,,,,,,,,,,,,,,,,,,,,,,,,lb,,,,,,,,,
the-valentines-pink,,,,,,,,,Men Size 6 - Womens Size 7.5/8,,,,,,,,TVNAMI6,1360.77711,shopify,0,deny,manual,95.00,,true,true,"",https://cdn.shopify.com/s/files/1/0795/0080/4401/files/PinkSideView.jpg?v=1745279572,3,"",,,,,,,,,,,,,,,,,,,,,,,,,,,,lb,,,,,,,,,
the-valentines-pink,,,,,,,,,Men Size 7 - Womens Size 8.5/9,,,,,,,,TVNAMI7,1360.77711,shopify,0,deny,manual,95.00,,true,true,"",https://cdn.shopify.com/s/files/1/0795/0080/4401/files/pinkbottom.jpg?v=1745279572,4,"",,,,,,,,,,,,,,,,,,,,,,,,,,,,lb,,,,,,,,,
the-valentines-pink,,,,,,,,,Men Size 8 - Womens Size 9.5/10,,,,,,,,TVNAMI8,1360.77711,shopify,0,deny,manual,95.00,,true,true,"",https://cdn.shopify.com/s/files/1/0795/0080/4401/files/9301d4a6-bbba-42f6-9cf7-7cd1ac63d348.jpg?v=1745279572,5,"",,,,,,,,,,,,,,,,,,,,,,,,,,,,lb,,,,,,,,,
the-valentines-pink,,,,,,,,,Men Size 9 - Womens Size 10.5/11,,,,,,,,TVNAMI9,1360.77711,shopify,0,deny,manual,95.00,,true,true,,https://cdn.shopify.com/s/files/1/0795/0080/4401/files/aurapinkback.jpg?v=1745279572,6,"",,,,,,,,,,,,,,,,,,,,,,,,,,,,lb,,,,,,,,,
the-valentines-pink,,,,,,,,,Men Size 10 - Womens Size 11.5/12,,,,,,,,TVNAMI10,1360.77711,shopify,0,deny,manual,95.00,,true,true,,https://cdn.shopify.com/s/files/1/0795/0080/4401/files/AURA14TTH-13-blkpants.jpg?v=1745279573,7,"",,,,,,,,,,,,,,,,,,,,,,,,,,,,lb,,,,,,,,,
the-valentines-pink,,,,,,,,,Men Size 11 - Womens Size 12.5/13,,,,,,,,TVNAMI5111,1360.77711,shopify,0,deny,manual,95.00,,true,true,,,,,,,,,,,,,,,,,,,,,,,,,,,,,,,,lb,,,,,,,,,
the-valentines-pink,,,,,,,,,Men Size 12 - Womens Size 13.5/14,,,,,,,,TVNAMI12,1360.77711,shopify,1,deny,manual,95.00,,true,true,,,,,,,,,,,,,,,,,,,,,,,,,,,,,,,,lb,,,,,,,,,
the-valentines-pink,,,,,,,,,Men Size 13 - Womens Size 14.5/15,,,,,,,,TVNAMI13,1360.77711,shopify,0,deny,manual,95.00,,true,true,,,,,,,,,,,,,,,,,,,,,,,,,,,,,,,,lb,,,,,,,,,
a-logo-sock,Auracle A KeyChain,"<p> </p>
<p data-mce-fragment=""1"">Limited Edition Auracle ""A Logo"" Keychain </p>
<ul>
<li data-mce-fragment=""1"">Highest Grade Zinc Alloy Metal </li>
<li data-mce-fragment=""1"">Nickel Plated </li>
<li data-mce-fragment=""1"">Red A Enamel Insert </li>
<li data-mce-fragment=""1"">Only 500 Pcs Made</li>
<li data-mce-fragment=""1"">Carabiner Attachment </li>
</ul>
<p>Ship Immediately </p>",AURACLES,Apparel & Accessories,Socks,"BF24, Sample Product",true,Color,White,,,,,,,,,22.6796185,shopify,361,continue,manual,25.00,,true,true,,https://cdn.shopify.com/s/files/1/0795/0080/4401/files/A_Keychain.jpg?v=1745279568,1,"",false,,,Apparel & Accessories > Handbag & Wallet Accessories > Keychains,,,,,,,,,,,,,,,,,,,,,,,,oz,,,true,,,true,,,active
a-logo-sock,,,,,,,,,,,,,,,,,,,,,,,,,,,,https://cdn.shopify.com/s/files/1/0795/0080/4401/files/NAmiforshopify-ezgif.com-webp-to-jpg-converter_copy.jpg?v=1745279568,2,"",,,,,,,,,,,,,,,,,,,,,,,,,,,,,,,,,,,,,
auracle-a-logo-sock,Auracle Grafitti Sock,"<p>THEY ARE BACK!! Grafitti Sock! </p>
<p>The Last Time you'll Be able to get these Socks </p>
<ul>
<li>100% Cotton Sock </li>
<li>Auracles Logo Sleeve </li>
<li>Individually Wrapped </li>
</ul>",AURACLES,Apparel & Accessories,Socks,"BF24, Sample Product",true,Color,White,,,,,,,,AuracleGrafSOCK,22.6796185,shopify,121,deny,manual,25.00,,true,true,"",https://cdn.shopify.com/s/files/1/0795/0080/4401/files/AuracleSpraySock_4079e19e-47c6-438d-8e60-93281bc542a1.png?v=1745279567,1,"",false,,,Apparel & Accessories > Clothing > Socks & Hosiery,,,,,,,,,,,,,,,,,,,,,,,,oz,,,true,,,true,,,active
sand-nami,Sand Nami Slides,"<p>You All Asked for These!! Sand is a must have this Summer!! </p>
<p>and YES these are different than the ones that dropped Last Year! Your Summer just got Wavier with one of the Best Selling slides of 2025! Crafted from a Unique Foam that is made to form to your foot. Grab em' Now before they Sell Out! </p>
<p><em><strong>By Chris Brown &amp; John Dean</strong></em></p>
<p><span style=""text-decoration: underline;""><strong>PLEASE READ BELOW ( VERY IMPORTANT</strong></span>)</p>
<ul>
<li>Please Read: <a href=""https://theauracles.xyz/pages/faq"">FAQ</a>
</li>
<li><span>THESE NAMI Will Ship IMMEDIATELY! </span></li>
<li><span>Comes with The NEW Compact Yellow Collectible NAMI Box</span></li>
<li><span><meta charset=""utf-8"">PLEASE TAKE YOUR TIME AND PUT IN THE RIGHT ADDRESS AND SIZE! </span></li>
<li><span>LIMITED EDITION &amp; Expected to Sell Out </span></li>
<li><span>SIZES SHOWN ARE MENS SIZES, Please Use Size Chart to convert to Womens</span></li>
<li>
<meta charset=""utf-8"">We will do our best to stop bots from purchasing<br>
<p>ALL SALES ARE FINAL</p>
<p> </p>
</li>
</ul>
<p> </p>
<!---->",AURACLES,Apparel & Accessories,Footwear,"",true,Size,Men Size 4 - Womens 5.5/6,,,,,,,,NamiSAND4,1360.77711,shopify,32,deny,manual,95.00,,true,true,"",https://cdn.shopify.com/s/files/1/0795/0080/4401/files/Sand_for_Shopify.jpg?v=1745279564,1,"",false,,,Apparel & Accessories > Shoes > Sandals,,,,,,,,,,,,,,,,,,,,,,,,lb,,,true,,,true,,,active
sand-nami,,,,,,,,,Men Size 5 - Womens Size 6.5/7,,,,,,,,NamiSAND5,1360.77711,shopify,160,deny,manual,95.00,,true,true,"",https://cdn.shopify.com/s/files/1/0795/0080/4401/files/TAN_TOP_VIEW_BD.jpg?v=1745279564,2,"",,,,,,,,,,,,,,,,,,,,,,,,,,,,lb,,,,,,,,,
sand-nami,,,,,,,,,Men Size 6 - Womens Size 7.5/8,,,,,,,,NamiSAND6,1360.77711,shopify,253,deny,manual,95.00,,true,true,"",https://cdn.shopify.com/s/files/1/0795/0080/4401/files/TAN_ARM_PHOTO.jpg?v=1745279564,3,"",,,,,,,,,,,,,,,,,,,,,,,,,,,,lb,,,,,,,,,
sand-nami,,,,,,,,,Men Size 7 - Womens Size 8.5/9,,,,,,,,NamiSAND7,1360.77711,shopify,335,deny,manual,95.00,,true,true,"",https://cdn.shopify.com/s/files/1/0795/0080/4401/files/cb_for_shopifffy.jpg?v=1745279564,4,"",,,,,,,,,,,,,,,,,,,,,,,,,,,,lb,,,,,,,,,
sand-nami,,,,,,,,,Men Size 8 - Womens Size 9.5/10,,,,,,,,NamiSAND8,1360.77711,shopify,277,deny,manual,95.00,,true,true,"",https://cdn.shopify.com/s/files/1/0795/0080/4401/files/efed4b00-1cce-454f-84c8-f68e7f88e6c1.jpg?v=1745279564,5,"",,,,,,,,,,,,,,,,,,,,,,,,,,,,lb,,,,,,,,,
sand-nami,,,,,,,,,Men Size 9 - Womens Size 10.5/11,,,,,,,,NamiSAND9,1360.77711,shopify,197,deny,manual,95.00,,true,true,"",https://cdn.shopify.com/s/files/1/0795/0080/4401/files/IMG_4101_2.heic?v=1745279564,6,"",,,,,,,,,,,,,,,,,,,,,,,,,,,,lb,,,,,,,,,
sand-nami,,,,,,,,,Men Size 10 - Womens Size 11.5/12,,,,,,,,NamiSAND10,1360.77711,shopify,123,deny,manual,95.00,,true,true,"",https://cdn.shopify.com/s/files/1/0795/0080/4401/files/ScreenShot2023-11-24at7.11.54AM_99a8402a-0bdc-4044-af1f-15908225455c.png?v=1745279586,7,"",,,,,,,,,,,,,,,,,,,,,,,,,,,,lb,,,,,,,,,
sand-nami,,,,,,,,,Men Size 11 - Womens Size 12.5/13,,,,,,,,NamiSAND11,1360.77711,shopify,137,deny,manual,95.00,,true,true,"",,,,,,,,,,,,,,,,,,,,,,,,,,,,,,,lb,,,,,,,,,
sand-nami,,,,,,,,,Men Size 12 - Womens Size 13.5/14,,,,,,,,NamiSAND12,1360.77711,shopify,103,deny,manual,95.00,,true,true,"",,,,,,,,,,,,,,,,,,,,,,,,,,,,,,,lb,,,,,,,,,
sand-nami,,,,,,,,,Men Size 13 - Womens Size 14.5/15,,,,,,,,NamiSAND13,1360.77711,shopify,40,deny,manual,95.00,,true,true,"",,,,,,,,,,,,,,,,,,,,,,,,,,,,,,,lb,,,,,,,,,
yellow-nami-slides,Solar Flare (Yellow) Nami Slides,"<p>The Solar Flares ...Limited to 11:11 Chris BrownTour but Now Available in LIMITED QUANTITIES </p>
<p>Your Summer just got Wavier with one of the Best Selling slides of 2024! Crafted from a Unique Foam that is made to form to your foot. Grab em' Now before they Sell Out! </p>
<p><em><strong>By Chris Brown &amp; John Dean  </strong></em></p>
<p><span style=""text-decoration: underline;"" data-mce-style=""text-decoration: underline;""><strong>PLEASE READ BELOW ( VERY IMPORTANT</strong></span>)</p>
<p>- Please Read: <a href=""https://theauracles.xyz/pages/faq"" data-mce-href=""https://theauracles.xyz/pages/faq"">FAQ</a> </p>
<ul>
<li><span>THESE NAMI Will Ship within 1 Week of Purchase! </span></li>
<li><span>Comes with The NEW Compact Yellow Collectible NAMI Box</span></li>
<li><span><meta charset=""utf-8"">PLEASE TAKE YOUR TIME AND PUT IN THE RIGHT ADDRESS AND SIZE! </span></li>
<li><span>LIMITED EDITION &amp; Expected to Sell Out </span></li>
<li>
<span>SIZES SHOWN ARE MENS SIZES, Please Use Size Chart to convert to Womens</span><br>
</li>
<li>
<p>We will do our best to stop bots from purchasing</p>
</li>
</ul>
<p>ALL SALES ARE FINAL</p>
<p> </p>
<!---->",AURACLES,Apparel & Accessories,Footwear,BF24,true,Size,Men Size 4 - Womens 5.5/6,,,,,,,,NamiSF4,1360.77711,shopify,0,deny,manual,95.00,,true,true,"",https://cdn.shopify.com/s/files/1/0795/0080/4401/files/YellowforShopify.jpg?v=1745279562,1,"",false,,,Apparel & Accessories > Shoes > Sandals,,,,,,,,,,,,,,,,,,,,,,,,lb,,,true,,,true,,,active
yellow-nami-slides,,,,,,,,,Men Size 5 - Womens Size 6.5/7,,,,,,,,NamiSF5,1360.77711,shopify,128,deny,manual,95.00,,true,true,"",https://cdn.shopify.com/s/files/1/0795/0080/4401/files/YELLOW_TOP_VIEW_BD_2.jpg?v=1745279562,2,"",,,,,,,,,,,,,,,,,,,,,,,,,,,,lb,,,,,,,,,
yellow-nami-slides,,,,,,,,,Men Size 6 - Womens Size 7.5/8,,,,,,,,NamiSF6,1360.77711,shopify,15,deny,manual,95.00,,true,true,"",https://cdn.shopify.com/s/files/1/0795/0080/4401/files/YELLOW_SIDEANGLE_VIEW_BD.jpg?v=1745279562,3,"",,,,,,,,,,,,,,,,,,,,,,,,,,,,lb,,,,,,,,,
yellow-nami-slides,,,,,,,,,Men Size 7 - Womens Size 8.5/9,,,,,,,,NamiSF7,1360.77711,shopify,25,deny,manual,95.00,,true,true,"",https://cdn.shopify.com/s/files/1/0795/0080/4401/files/2N2A1764.jpg?v=1745279562,4,"",,,,,,,,,,,,,,,,,,,,,,,,,,,,lb,,,,,,,,,
yellow-nami-slides,,,,,,,,,Men Size 8 - Womens Size 9.5/10,,,,,,,,NamiSF8,1360.77711,shopify,0,deny,manual,95.00,,true,true,"",https://cdn.shopify.com/s/files/1/0795/0080/4401/files/IMG_4412.jpg?v=1745279562,5,"",,,,,,,,,,,,,,,,,,,,,,,,,,,,lb,,,,,,,,,
yellow-nami-slides,,,,,,,,,Men Size 9 - Womens Size 10.5/11,,,,,,,,NamiSF9,1360.77711,shopify,0,deny,manual,95.00,,true,true,"",https://cdn.shopify.com/s/files/1/0795/0080/4401/files/IMG_4418.jpg?v=1745279562,6,"",,,,,,,,,,,,,,,,,,,,,,,,,,,,lb,,,,,,,,,
yellow-nami-slides,,,,,,,,,Men Size 10 - Womens Size 11.5/12,,,,,,,,NamiSF10,1360.77711,shopify,0,deny,manual,95.00,,true,true,"",,,,,,,,,,,,,,,,,,,,,,,,,,,,,,,lb,,,,,,,,,
yellow-nami-slides,,,,,,,,,Men Size 11 - Womens Size 12.5/13,,,,,,,,NamiSF11,1360.77711,shopify,47,deny,manual,95.00,,true,true,"",,,,,,,,,,,,,,,,,,,,,,,,,,,,,,,lb,,,,,,,,,
yellow-nami-slides,,,,,,,,,Men Size 12 - Womens Size 13.5/14,,,,,,,,NamiSF12,1360.77711,shopify,1,deny,manual,95.00,,true,true,"",,,,,,,,,,,,,,,,,,,,,,,,,,,,,,,lb,,,,,,,,,
yellow-nami-slides,,,,,,,,,Men Size 13 - Womens Size 14.5/15,,,,,,,,NamiSF13,1360.77711,shopify,-1,deny,manual,95.00,,true,true,"",,,,,,,,,,,,,,,,,,,,,,,,,,,,,,,lb,,,,,,,,,
aura-zip-up-hoodie,Aura Zip up Hoodie,"<p>ONLINE EXCLUSIVE! </p>
<p>I'm Not Gonna Lie! This Hoodie is Fly Af! Heather Gray Hoodie with the polished Silver Zipper, Yellow Aura Print on front and Back!! Shits just different </p>
<ol>
<li>This Will Ship 5-8 Days After Ordering! </li>
<li>If Ordered With Slides, You will have to wit until both items are available before e ship!  </li>
<li>We Designed this hoodies to feel Vintage....The Screen Print itself is SUPPOSED to age and fall apart. Each Print is unique with some have more Vintage paint than others. Your Hoody is not defective.</li>
</ol>
<!---->",AURACLES,Apparel & Accessories > Clothing > Clothing Tops > Hoodies,Hoodie,"",true,Size,Small,,,,,,,,"",1360.77711,shopify,0,deny,manual,140.00,,true,true,"",https://cdn.shopify.com/s/files/1/0795/0080/4401/files/ZipUpHoodie.jpg?v=1745279560,1,"",false,,,Apparel & Accessories > Clothing > Outerwear,,adult,,,,,,,,,,adults,,,gray,,,,,small; medium; large; extra-large; xxl,unisex,,,lb,,,true,,,true,,,active
aura-zip-up-hoodie,,,,,,,,,Medium,,,,,,,,"",1360.77711,shopify,0,deny,manual,140.00,,true,true,"",https://cdn.shopify.com/s/files/1/0795/0080/4401/files/Back_of_Zip.jpg?v=1745279560,2,"",,,,,,,,,,,,,,,,,,,,,,,,,,,,lb,,,,,,,,,
aura-zip-up-hoodie,,,,,,,,,Large,,,,,,,,"",1360.77711,shopify,0,deny,manual,140.00,,true,true,"",https://cdn.shopify.com/s/files/1/0795/0080/4401/files/IMG_3454.jpg?v=1745279560,3,"",,,,,,,,,,,,,,,,,,,,,,,,,,,,lb,,,,,,,,,
aura-zip-up-hoodie,,,,,,,,,Extra large,,,,,,,,"",1360.77711,shopify,0,deny,manual,140.00,,true,true,"",https://cdn.shopify.com/s/files/1/0795/0080/4401/files/IMG_3523.jpg?v=1745279560,4,"",,,,,,,,,,,,,,,,,,,,,,,,,,,,lb,,,,,,,,,
aura-zip-up-hoodie,,,,,,,,,XXL,,,,,,,,"",1360.77711,shopify,0,deny,manual,140.00,,true,true,"",https://cdn.shopify.com/s/files/1/0795/0080/4401/files/IMG_3515_2.jpg?v=1745279560,5,"",,,,,,,,,,,,,,,,,,,,,,,,,,,,lb,,,,,,,,,
aura-zip-up-hoodie,,,,,,,,,,,,,,,,,,,,,,,,,,,,https://cdn.shopify.com/s/files/1/0795/0080/4401/files/Size_chart_Hoody.jpg?v=1745279560,6,"",,,,,,,,,,,,,,,,,,,,,,,,,,,,,,,,,,,,,
aura-green-hoody,Aura Green Hoody,"<p>VOTED MOST POPULAR HOODY BY THE UNIVERSE</p>
<p>Army Green Hoody with Distressed AURA Print on Front and Back</p>
<ol>
<li>This Will Ship 5-8 Days After Ordering! </li>
<li>If Ordered With Slides, You will have to wit until both items are available before e ship!  </li>
<li>We Designed this hoodies to feel Vintage....The Screen Print itself is SUPPOSED to age and fall apart. Each Print is unique with some have more Vintage paint than others. Your Hoody is not defective. </li>
</ol>
<!---->",AURACLES,Apparel & Accessories > Clothing > Clothing Tops > Hoodies,Hoodie,BF24,true,Size,Small,,,,,,,,"",1360.77711,shopify,0,deny,manual,140.00,,true,true,"",https://cdn.shopify.com/s/files/1/0795/0080/4401/files/Aura_Green_Hoody.jpg?v=1745279558,1,"",false,,,Apparel & Accessories > Clothing > Outerwear,,adult,,,,,,,,,,adults,,,gray; olive,,,,,small; medium; large; extra-large; xxl,unisex,,,lb,,,true,,,true,,,active
aura-green-hoody,,,,,,,,,Medium,,,,,,,,"",1360.77711,shopify,0,deny,manual,140.00,,true,true,"",https://cdn.shopify.com/s/files/1/0795/0080/4401/files/IMG_3454.jpg?v=1745279560,2,"",,,,,,,,,,,,,,,,,,,,,,,,,,,,lb,,,,,,,,,
aura-green-hoody,,,,,,,,,Large,,,,,,,,"",1360.77711,shopify,0,deny,manual,140.00,,true,true,"",https://cdn.shopify.com/s/files/1/0795/0080/4401/files/IMG_3523.jpg?v=1745279560,3,"",,,,,,,,,,,,,,,,,,,,,,,,,,,,lb,,,,,,,,,
aura-green-hoody,,,,,,,,,Extra large,,,,,,,,"",1360.77711,shopify,0,deny,manual,140.00,,true,true,"",https://cdn.shopify.com/s/files/1/0795/0080/4401/files/Size_chart_Hoody.jpg?v=1745279560,4,"",,,,,,,,,,,,,,,,,,,,,,,,,,,,lb,,,,,,,,,
aura-green-hoody,,,,,,,,,XXL,,,,,,,,"",1360.77711,shopify,0,deny,manual,140.00,,true,true,"",,,,,,,,,,,,,,,,,,,,,,,,,,,,,,,lb,,,,,,,,,
auracle-sunray-snapback,Auracle Sunray Snapback,"<p>Our First ever Snapback </p>
<p>3d Embroidered Auracle A Logo on the front with Auracle A Sundial logo on the right.</p>
<ul>
<li>""All We have is Time &amp; Space"" Embroidery on the right</li>
<li>Rounded Brim 5 Panel Hat </li>
</ul>
<!---->",AURACLES,Apparel & Accessories,Socks,"BF24, Sample Product",true,Color,White,,,,,,,,"",22.6796185,shopify,0,deny,manual,55.00,,true,true,"",https://cdn.shopify.com/s/files/1/0795/0080/4401/files/Front_Hat_for_Shopify.jpg?v=1745279557,1,"",false,,,Apparel & Accessories > Clothing,,,,,,,,,,,,,,,,,,,,,,,,oz,,,true,,,true,,,active
auracle-sunray-snapback,,,,,,,,,,,,,,,,,,,,,,,,,,,,https://cdn.shopify.com/s/files/1/0795/0080/4401/files/other_side_of_hat.png?v=1745279557,2,"",,,,,,,,,,,,,,,,,,,,,,,,,,,,,,,,,,,,,
auracle-sunray-snapback,,,,,,,,,,,,,,,,,,,,,,,,,,,,https://cdn.shopify.com/s/files/1/0795/0080/4401/files/side_view_hat.png?v=1745279557,3,"",,,,,,,,,,,,,,,,,,,,,,,,,,,,,,,,,,,,,
auracle-ski-mask,Auracle Ski Mask,"<p data-mce-fragment=""1"">INCOGNITO.. for those times when you wanna be a little more discreet</p>
<p data-mce-fragment=""1"">100% Fine Combed Cotton Ski Mask </p>
<p data-mce-fragment=""1"">Fits all Head Shapes..</p>
<p data-mce-fragment=""1"">ONLY 100 Available</p>",AURACLES,Apparel & Accessories,Socks,"BF24, Sample Product",true,Color,Black,,,,,,,,AuraSki1,22.6796185,shopify,45,continue,manual,45.00,,true,true,"",https://cdn.shopify.com/s/files/1/0795/0080/4401/files/Mask_for_Aura_Front.jpg?v=1745279556,1,"",false,,,Apparel & Accessories > Clothing,,,,,,,,,,,,,,,,,,,,,,,,oz,,,true,,,true,,,active
auracle-ski-mask,,,,,,,,,,,,,,,,,,,,,,,,,,,,https://cdn.shopify.com/s/files/1/0795/0080/4401/files/Mask_for_Aura_2.jpg?v=1745279556,2,"",,,,,,,,,,,,,,,,,,,,,,,,,,,,,,,,,,,,,
auracle-nami-3d-keychain,"Auracle ""Nami"" 3D Keychain","<p data-mce-fragment=""1"">For a Short Time only Limited Edition Auracle ""Nami"" Keychain </p>
<ul>
<li data-mce-fragment=""1"">Highest Grade Zinc Alloy Metal </li>
<li data-mce-fragment=""1"">Nickel Plated </li>
<li data-mce-fragment=""1"">Raised 3D Edges </li>
<li data-mce-fragment=""1"">Only 500 Pcs Made</li>
<li data-mce-fragment=""1"">Carabiner Attachment </li>
</ul>
<p>Will Ship 1-2 Weeks After Order Date  </p>",AURACLES,Apparel & Accessories,Socks,"BF24, Sample Product",true,Color,White,,,,,,,,,22.6796185,shopify,211,continue,manual,25.00,,true,true,,https://cdn.shopify.com/s/files/1/0795/0080/4401/files/nami_keychain.jpg?v=1745279547,1,"",false,,,Apparel & Accessories > Handbag & Wallet Accessories > Keychains,,,,,,,,,,,,,,,,,,,,,,,,oz,,,true,,,true,,,active
auracle-nami-3d-keychain,,,,,,,,,,,,,,,,,,,,,,,,,,,,https://cdn.shopify.com/s/files/1/0795/0080/4401/files/nami_side.jpg?v=1745279547,2,"",,,,,,,,,,,,,,,,,,,,,,,,,,,,,,,,,,,,,
nightcrawler-purple-glow-in-dark-nami-slides-copy,Sunset Nami,"<p data-mce-fragment=""1"">This is like a work of Art! Gradient Sunset Nami Slides </p>
<p data-mce-fragment=""1""><strong data-mce-fragment=""1"">NamiWAVE Foam: </strong>is a premium combination of unique materials that provides Pillow like comfort and support for your foot. Think of it like memory foam for the foot.</p>
<p data-mce-fragment=""1""><em><strong data-mce-fragment=""1"">By Chris Brown &amp; John Dean</strong></em></p>
<p><span style=""text-decoration: underline;"" data-mce-style=""text-decoration: underline;""><strong>PLEASE READ BELOW ( VERY IMPORTANT</strong></span>)</p>
<p>- Please Read: <a href=""https://theauracles.xyz/pages/faq"" data-mce-href=""https://theauracles.xyz/pages/faq"">FAQ</a> </p>
<ul>
<li>
<meta charset=""utf-8""> <span data-mce-fragment=""1"">THESE ARE A PREORDER! These will be shipped in 1-2 weeks from purchase date! We PLAN to ship before this date though ;-)</span>
</li>
<li><span>Comes with The NEW Compact RED Collectible NAMI Box</span></li>
<li><span><meta charset=""utf-8"">PLEASE TAKE YOUR TIME AND PUT IN THE RIGHT ADDRESS AND SIZE! </span></li>
<li><span>LIMITED EDITION &amp; Expected to Sell Out </span></li>
<li>
<span>SIZES SHOWN ARE MENS SIZES, Please Use Size Chart to convert to Womens</span><br>
</li>
<li>
<p>We will do our best to stop bots from purchasing </p>
</li>
</ul>
<p>ALL SALES ARE FINAL<span style=""text-decoration: underline;""><strong></strong></span></p>",AURACLES,Apparel & Accessories,Footwear,BF24,true,Size,Mens Size 4 - Womens Size 5.5/6,,,,,,,,NAMINSS4,1360.77711,shopify,0,deny,manual,100.00,,true,true,,https://cdn.shopify.com/s/files/1/0795/0080/4401/files/SUNSET-SIDE.png?v=1745279545,1,"",false,,,Apparel & Accessories > Clothing,,,,,,,,,,,,,,,,,,,,,,,,lb,,,true,,,true,,,active
nightcrawler-purple-glow-in-dark-nami-slides-copy,,,,,,,,,Men Size 5 - Womens Size 6.5/7,,,,,,,,NAMINSS5,1360.77711,shopify,83,deny,manual,100.00,,true,true,,https://cdn.shopify.com/s/files/1/0795/0080/4401/files/SUNSET-SIDEABOVE.png?v=1745279545,2,"",,,,,,,,,,,,,,,,,,,,,,,,,,,,lb,,,,,,,,,
nightcrawler-purple-glow-in-dark-nami-slides-copy,,,,,,,,,Men Size 6 - Womens Size 7.5/8,,,,,,,,NAMINSS6,1360.77711,shopify,77,deny,manual,100.00,,true,true,,https://cdn.shopify.com/s/files/1/0795/0080/4401/files/SUNSET-ABOVE.png?v=1745279545,3,"",,,,,,,,,,,,,,,,,,,,,,,,,,,,lb,,,,,,,,,
nightcrawler-purple-glow-in-dark-nami-slides-copy,,,,,,,,,Men Size 7 - Womens Size 8.5/9,,,,,,,,NAMINSS7,1360.77711,shopify,80,deny,manual,100.00,,true,true,,https://cdn.shopify.com/s/files/1/0795/0080/4401/files/SUNSET-BOTTOM.png?v=1745279545,4,"",,,,,,,,,,,,,,,,,,,,,,,,,,,,lb,,,,,,,,,
nightcrawler-purple-glow-in-dark-nami-slides-copy,,,,,,,,,Men Size 8 - Womens Size 9.5/10,,,,,,,,NAMINSS8,1360.77711,shopify,77,deny,manual,100.00,,true,true,,,,,,,,,,,,,,,,,,,,,,,,,,,,,,,,lb,,,,,,,,,
nightcrawler-purple-glow-in-dark-nami-slides-copy,,,,,,,,,Men Size 9 - Womens Size 10.5/11,,,,,,,,NAMINSS9,1360.77711,shopify,43,deny,manual,100.00,,true,true,,,,,,,,,,,,,,,,,,,,,,,,,,,,,,,,lb,,,,,,,,,
nightcrawler-purple-glow-in-dark-nami-slides-copy,,,,,,,,,Men Size 10 - Womens Size 11.5/12,,,,,,,,NAMINSS10,1360.77711,shopify,45,deny,manual,100.00,,true,true,,,,,,,,,,,,,,,,,,,,,,,,,,,,,,,,lb,,,,,,,,,
nightcrawler-purple-glow-in-dark-nami-slides-copy,,,,,,,,,Men Size 11 - Womens Size 12.5/13,,,,,,,,NAMINSS11,1360.77711,shopify,0,deny,manual,100.00,,true,true,,,,,,,,,,,,,,,,,,,,,,,,,,,,,,,,lb,,,,,,,,,
nightcrawler-purple-glow-in-dark-nami-slides-copy,,,,,,,,,Men Size 12 - Womens Size 13.5/14,,,,,,,,NAMINSS12,1360.77711,shopify,57,deny,manual,100.00,,true,true,,,,,,,,,,,,,,,,,,,,,,,,,,,,,,,,lb,,,,,,,,,
nightcrawler-purple-glow-in-dark-nami-slides-copy,,,,,,,,,Men Size 13 - Womens Size 14.5/15,,,,,,,,NAMINSS13,1360.77711,shopify,11,deny,manual,100.00,,true,true,,,,,,,,,,,,,,,,,,,,,,,,,,,,,,,,lb,,,,,,,,,
auracle-grafitti-sock-copy,Auracle A Sock,"<p>THEY ARE BACK!! Grafitti Sock! </p>
<p>The Last Time you'll Be able to get these Socks </p>
<ul>
<li>
<meta charset=""utf-8"">- 100% Classic 1 x1 Ribbed THICK Sock</li>
<li>Auracles Logo Sleeve </li>
<li>Individually Wrapped </li>
</ul>",AURACLES,Apparel & Accessories,Socks,"BF24, Sample Product",true,Color,White,,,,,,,,AuracleAASOCK,22.6796185,shopify,197,deny,manual,25.00,,true,true,,https://cdn.shopify.com/s/files/1/0795/0080/4401/files/AuracleASock_f82e908c-0a21-470c-bfde-77cc3ca0bef8.png?v=1745279544,1,"",false,,,Apparel & Accessories > Clothing > Socks & Hosiery,,,,,,,,,,,,,,,,,,,,,,,,oz,,,true,,,true,,,active
auracle-grafitti-sock-copy,,,,,,,,,,,,,,,,,,,,,,,,,,,,https://cdn.shopify.com/s/files/1/0795/0080/4401/files/a27196f1-2156-410c-af5d-a2e215abaddc.jpg?v=1745279544,2,"",,,,,,,,,,,,,,,,,,,,,,,,,,,,,,,,,,,,,
astroboy-collaboration,Auracles x Astroboy Nami Collectible Sculpture,"<p>THE AURACLES x ASTROBOY is HERE!! </p>
<p>Museum Grade Collectible Sculpture by Toyqube. This is an Official Licensed Collaboration of Astroboy. </p>
<p>This is a Secret limited Drop... Only a Few Available... GOOD LUCK .. 100% Will Sell Out </p>
<p data-mce-fragment=""1""><em><strong data-mce-fragment=""1"">By Chris Brown &amp; John Dean</strong></em></p>
<p><span style=""text-decoration: underline;"" data-mce-style=""text-decoration: underline;""><strong>PLEASE READ BELOW ( VERY IMPORTANT</strong></span>)</p>
<p>- Please Read: <a href=""https://theauracles.xyz/pages/faq"" data-mce-href=""https://theauracles.xyz/pages/faq"">FAQ</a> </p>
<ul>
<li>
<meta charset=""utf-8""> <span data-mce-fragment=""1"">THESE ARE A PREORDER! These will be shipped in 2-3   weeks from purchase date! We PLAN to ship before this date though ;-)</span>
</li>
<li><span>Comes with Limited Edition Plastic Nami Astro Box </span></li>
<li><span><meta charset=""utf-8"">PLEASE TAKE YOUR TIME AND PUT IN THE RIGHT ADDRESS </span></li>
<li><span>LIMITED EDITION &amp; Expected to Sell Out </span></li>
</ul>
<p>ALL SALES ARE FINAL</p>",AURACLES,Apparel & Accessories,Footwear,"",true,Title,Default Title,,,,,,,,ASTROAURA1,2267.96185,shopify,-1,deny,manual,325.00,,true,true,,https://cdn.shopify.com/s/files/1/0795/0080/4401/files/940e3de3-1aab-4f12-af4d-a558539b28c8.jpg?v=1745279542,1,"",false,,,Apparel & Accessories > Clothing,,,,,,,,,,,,,,,,,,,,,,,,lb,,,true,,,true,,,active
astroboy-collaboration,,,,,,,,,,,,,,,,,,,,,,,,,,,,https://cdn.shopify.com/s/files/1/0795/0080/4401/files/380004e5-84a2-475a-9182-da5439136f85.jpg?v=1745279542,2,"",,,,,,,,,,,,,,,,,,,,,,,,,,,,,,,,,,,,,
astroboy-collaboration,,,,,,,,,,,,,,,,,,,,,,,,,,,,https://cdn.shopify.com/s/files/1/0795/0080/4401/files/2939ebfd-6964-40c7-a7a8-cc100a0ea361.jpg?v=1745279542,3,"",,,,,,,,,,,,,,,,,,,,,,,,,,,,,,,,,,,,,
astroboy-collaboration,,,,,,,,,,,,,,,,,,,,,,,,,,,,https://cdn.shopify.com/s/files/1/0795/0080/4401/files/1db526a3-fc07-4029-83cb-39185e0784bb.jpg?v=1745279542,4,"",,,,,,,,,,,,,,,,,,,,,,,,,,,,,,,,,,,,,
astroboy-collaboration,,,,,,,,,,,,,,,,,,,,,,,,,,,,https://cdn.shopify.com/s/files/1/0795/0080/4401/files/cf42f71f-2d42-4288-9c7b-e4e46c97cca9.jpg?v=1745279542,5,"",,,,,,,,,,,,,,,,,,,,,,,,,,,,,,,,,,,,,
astroboy-collaboration,,,,,,,,,,,,,,,,,,,,,,,,,,,,https://cdn.shopify.com/s/files/1/0795/0080/4401/files/e818f629-69f7-4ff8-8570-463b9456c9ec.jpg?v=1745279542,6,"",,,,,,,,,,,,,,,,,,,,,,,,,,,,,,,,,,,,,
astroboy-collaboration,,,,,,,,,,,,,,,,,,,,,,,,,,,,https://cdn.shopify.com/s/files/1/0795/0080/4401/files/2d603e67-356c-421b-aa6d-85fab9293767.jpg?v=1745279543,7,"",,,,,,,,,,,,,,,,,,,,,,,,,,,,,,,,,,,,,
freq-nami-boot-black-preorder,FREQ NAMI BOOT BLACK,"<p>Finally! The Evolution of the Nami brand Continues with the FREQ Nami Boot. Freq Short for "" Frequency"" align your Aura with your high purpose! These boots are just a reminder to put that Sh*t on physically and spiritually. </p>
<p><strong>NamiWAVE Foam: </strong>is a premium combination of unique materials that provides Pillow like comfort and support for your foot. Think of it like memory foam for the foot.</p>
<p><em><strong>By Chris Brown &amp; John Dean</strong></em></p>
<p><span style=""text-decoration: underline;""><strong>PLEASE READ BELOW ( VERY IMPORTANT</strong></span>)</p>
<p>- Please Read: <a href=""https://theauracles.xyz/pages/faq"">FAQ</a>  </p>
<meta charset=""utf-8"">
<ul>
<ul>
<li>These Boots Ship Immediately </li>
<li><span>These boots fit the same as the Nami Slides</span></li>
<li><span>Comes with The NEW Nami Acrylic Boot Box. Same our slides but using premium thick acrylic plastic and boxing! LUXURY AF </span></li>
<li><span></span></li>
</ul>
</ul>
<meta charset=""utf-8"">
<ul>
<li><span>PLEASE TAKE YOUR TIME AND PUT IN THE RIGHT ADDRESS AND SIZE! </span></li>
<li><span>LIMITED EDITION &amp; Expected to Sell Out </span></li>
<li><span>SIZES SHOWN ARE MENS SIZES, Please Use Size Chart to convert to Womens</span></li>
<li>
<p>We will do our best to stop bots from purchasing </p>
</li>
</ul>
<p>ALL SALES ARE FINAL</p>",AURACLES,Apparel & Accessories > Shoes > Boots,Footwear,"",true,Size,Mens Size 5 / Womens 6.5/7,,,,,,,,FRNAMI001-5,0.0,shopify,23,deny,manual,225.00,,true,true,"",https://cdn.shopify.com/s/files/1/0795/0080/4401/files/black_boot_shop.jpg?v=1745279537,1,"",false,,,Apparel & Accessories > Shoes > Boots,,adult,,,,,,,,,,adults,boot,slip-on,black,synthetic,flat,cushioned,,,unisex,round,,lb,,,true,,,true,,,active
freq-nami-boot-black-preorder,,,,,,,,,Mens Size 6 / Womens 7.5/8,,,,,,,,FRNAMI001-6,0.0,shopify,29,deny,manual,225.00,,true,true,"",https://cdn.shopify.com/s/files/1/0795/0080/4401/files/cb_shop2.jpg?v=1745279537,2,"",,,,,,,,,,,,,,,,,,,,,,,,,,,,lb,,,,,,,,,
freq-nami-boot-black-preorder,,,,,,,,,Mens Size 7 / Womens 8.5/9,,,,,,,,FRNAMI001-7,0.0,shopify,55,deny,manual,225.00,,true,true,"",https://cdn.shopify.com/s/files/1/0795/0080/4401/files/AURCLESOVERVIEWBOOT01.png?v=1745279537,3,"",,,,,,,,,,,,,,,,,,,,,,,,,,,,lb,,,,,,,,,
freq-nami-boot-black-preorder,,,,,,,,,Mens Size 8 / Womens 9.5/10,,,,,,,,FRNAMI001-8,0.0,shopify,26,deny,manual,225.00,,true,true,"",https://cdn.shopify.com/s/files/1/0795/0080/4401/files/AURCLESBOTTOMBOOT012.png?v=1745279537,4,"",,,,,,,,,,,,,,,,,,,,,,,,,,,,lb,,,,,,,,,
freq-nami-boot-black-preorder,,,,,,,,,Mens Size 9 / Womens 10.5/11,,,,,,,,FRNAMI001-9,0.0,shopify,11,deny,manual,225.00,,true,true,"",https://cdn.shopify.com/s/files/1/0795/0080/4401/files/AURCLESBOTTOMPAIRBOOT01.png?v=1745279537,5,"",,,,,,,,,,,,,,,,,,,,,,,,,,,,lb,,,,,,,,,
freq-nami-boot-black-preorder,,,,,,,,,Mens Size 10 / Womens 11.5/12,,,,,,,,FRNAMI001-10,0.0,shopify,0,deny,manual,225.00,,true,true,"",https://cdn.shopify.com/s/files/1/0795/0080/4401/files/GIO2.jpg?v=1745279538,6,"",,,,,,,,,,,,,,,,,,,,,,,,,,,,lb,,,,,,,,,
freq-nami-boot-black-preorder,,,,,,,,,Mens Size 11 / Womens 12.5/13,,,,,,,,FRNAMI001-11,0.0,shopify,0,deny,manual,225.00,,true,true,"",https://cdn.shopify.com/s/files/1/0795/0080/4401/files/yg_black_1.jpg?v=1745279538,7,"",,,,,,,,,,,,,,,,,,,,,,,,,,,,lb,,,,,,,,,
freq-nami-boot-black-preorder,,,,,,,,,Mens Size 12 / Womens 13.5/14,,,,,,,,FRNAMI001-12,0.0,shopify,-1,deny,manual,225.00,,true,true,"",,,,,,,,,,,,,,,,,,,,,,,,,,,,,,,lb,,,,,,,,,
freq-nami-boot-white-preorder-copy,FREQ NAMI BOOT WHITE,"<p>Finally! The Evolution of the Nami brand Continues with the FREQ Nami Boot. Freq Short for "" Frequency"" align your Aura with your high purpose! These boots are just a reminder to put that Sh*t on physically and spiritually. </p>
<p><strong>NamiWAVE Foam: </strong>is a premium combination of unique materials that provides Pillow like comfort and support for your foot. Think of it like memory foam for the foot.</p>
<p><em><strong>By Chris Brown &amp; John Dean </strong></em></p>
<p><span style=""text-decoration: underline;""><strong>PLEASE READ BELOW ( VERY IMPORTANT</strong></span>)</p>
<p> - Please Read: <a href=""https://theauracles.xyz/pages/faq"">FAQ</a> </p>
<meta charset=""utf-8"">
<ul>
<ul>
<li><span>There Ship Immediately </span></li>
<li><span>These boots fit the same as the Nami Slides</span></li>
<li><span>Comes with The NEW Nami Acrylic Boot Box. This Box is Fragile Af! Treat it like art </span></li>
<li><span></span></li>
</ul>
</ul>
<meta charset=""utf-8"">
<ul>
<li><span>PLEASE TAKE YOUR TIME AND PUT IN THE RIGHT ADDRESS AND SIZE! </span></li>
<li><span>LIMITED EDITION &amp; Expected to Sell Out </span></li>
<li><span>SIZES SHOWN ARE MENS SIZES, Please Use Size Chart to convert to Womens</span></li>
<li>
<p>We will do our best to stop bots from purchasing </p>
</li>
</ul>
<p>ALL SALES ARE FINAL </p>",AURACLES,Apparel & Accessories > Shoes > Boots,Footwear,"",true,Size,Mens Size 5 / Womens 6.5/7,,,,,,,,FRNAMI002-5,0.0,shopify,25,deny,manual,225.00,,true,true,,https://cdn.shopify.com/s/files/1/0795/0080/4401/files/white_shopify.jpg?v=1745279535,1,"",false,,,Apparel & Accessories > Shoes > Boots,,adult,,,,,,,,,,adults,boot,slip-on,black,synthetic,flat,cushioned,,,unisex,round,,lb,,,true,,,true,,,active
freq-nami-boot-white-preorder-copy,,,,,,,,,Mens Size 6 / Womens 7.5/8,,,,,,,,FRNAMI002-6,0.0,shopify,34,deny,manual,225.00,,true,true,,https://cdn.shopify.com/s/files/1/0795/0080/4401/files/cb1_shopify.jpg?v=1745279535,2,"",,,,,,,,,,,,,,,,,,,,,,,,,,,,lb,,,,,,,,,
freq-nami-boot-white-preorder-copy,,,,,,,,,Mens Size 7 / Womens 8.5/9,,,,,,,,FRNAMI002-7,0.0,shopify,72,deny,manual,225.00,,true,true,,https://cdn.shopify.com/s/files/1/0795/0080/4401/files/AURA-WHT-BOOT-SIDE_OVERVIEW.png?v=1745279535,3,"",,,,,,,,,,,,,,,,,,,,,,,,,,,,lb,,,,,,,,,
freq-nami-boot-white-preorder-copy,,,,,,,,,Mens Size 8 / Womens 9.5/10,,,,,,,,FRNAMI002-8,0.0,shopify,60,deny,manual,225.00,,true,true,,https://cdn.shopify.com/s/files/1/0795/0080/4401/files/AURA-WHT-BOOT-BOTTOM.png?v=1745279535,4,"",,,,,,,,,,,,,,,,,,,,,,,,,,,,lb,,,,,,,,,
freq-nami-boot-white-preorder-copy,,,,,,,,,Mens Size 9 / Womens 10.5/11,,,,,,,,FRNAMI002-9,0.0,shopify,27,deny,manual,225.00,,true,true,,https://cdn.shopify.com/s/files/1/0795/0080/4401/files/AURA-WHT-BOOT-OVERVIEW.png?v=1745279535,5,"",,,,,,,,,,,,,,,,,,,,,,,,,,,,lb,,,,,,,,,
freq-nami-boot-white-preorder-copy,,,,,,,,,Mens Size 10 / Womens 11.5/12,,,,,,,,FRNAMI002-10,0.0,shopify,8,deny,manual,225.00,,true,true,,https://cdn.shopify.com/s/files/1/0795/0080/4401/files/gio_shopify1.jpg?v=1745279535,6,"",,,,,,,,,,,,,,,,,,,,,,,,,,,,lb,,,,,,,,,
freq-nami-boot-white-preorder-copy,,,,,,,,,Mens Size 11 / Womens 12.5/13,,,,,,,,FRNAMI002-11,0.0,shopify,6,deny,manual,225.00,,true,true,,https://cdn.shopify.com/s/files/1/0795/0080/4401/files/yg_shopify1.jpg?v=1745279535,7,"",,,,,,,,,,,,,,,,,,,,,,,,,,,,lb,,,,,,,,,
freq-nami-boot-white-preorder-copy,,,,,,,,,Mens Size 12 / Womens 13.5/14,,,,,,,,FRNAMI002-12,0.0,shopify,9,deny,manual,225.00,,true,true,,,,,,,,,,,,,,,,,,,,,,,,,,,,,,,,lb,,,,,,,,,
